{"a": 10.446817785527463, "b": 2.6852659110723627, "c": 3.681342632955536, "d": 3.356582388840453, "e": 8.979947689625108, "f": 1.4080209241499564, "g": 2.591543156059285, "h": 3.2824760244115083, "i": 6.649956408020924, "j": 0.503487358326068, "k": 2.214472537053182, "l": 5.481691368788143, "m": 3.262859633827376, "n": 5.446817785527463, "o": 6.268526591107236, "p": 2.964254577157803, "q": 0.2136006974716652, "r": 7.125108979947689, "s": 5.682214472537053, "t": 5.3356582388840454, "u": 4.7362685265911075, "v": 1.1399302528334785, "w": 1.5998256320836968, "x": 0.5056669572798606, "y": 3.825196163905841, "z": 0.6124673060156931}